profile,distribution,samples,mean_f_bit_length,paper_f_bits,paper_f_inside_95_interval,mean_g_bit_length,paper_g_bits,paper_g_inside_95_interval,sampled_cost_bits,paper_security_bits,sampled_minus_paper_security_bits,source_json
BLS12-128,exact-domain,1024,791.0830078125,791.2,True,584.755859375,584.8,True,131.78937776570385,131.8,-0.010622234296164379,bls12_norms_n1024_a1169_s20260722_20260704.json
BN-128,exact-domain,512,554.373046875,557.0,False,809.3984375,808.9,False,131.325587800552,131.3,0.02558780055198895,bn-128_norms_exact-domain_n512_s20260722_20260715.json
BN-128,paper-code-bound,512,554.3203125,557.0,False,809.625,808.9,False,131.33484779776194,131.3,0.03484779776192681,bn-128_norms_paper-code_n512_s20260722_20260715.json
KSS16-128,exact-domain,512,911.50390625,920.4,False,628.462890625,628.9,False,138.15269111312614,139.0,-0.8473088868738614,kss16-128_norms_exact-domain_n512_s20260722_20260715.json
KSS16-128,paper-code-bound,512,921.818359375,920.4,True,629.650390625,628.9,False,138.87991752895445,139.0,-0.12008247104554925,kss16-128_norms_paper-code_n512_s20260722_20260715.json
BLS24-192,exact-domain,512,1241.572265625,1295.0,False,1455.86328125,1460.0,False,201.25522487196054,203.72,-2.464775128039463,bls24-192_norms_exact-domain_n512_s20260722_20260715.json
BLS24-192,paper-code-bound,512,1262.322265625,1295.0,False,1457.41796875,1460.0,False,201.80327678513623,203.72,-1.9167232148637652,bls24-192_norms_paper-code_n512_s20260722_20260715.json
BLS24-192,paper-code-bound-sensitivity-a10,128,1295.8671875,1295.0,True,1461.0,1460.0,True,203.17070026226776,203.72,-0.5492997377322411,bls24-192_norms_paper-code_sampling-a10_n128_s20260724_20260715.json
