curve_key,curve,a,b,rational_torsion_order,constant_rule,cutoff,good_prime_count,exhaustive_fallback_count,prime_order_count,prime_quotient_count,refined_baseline,predicted_constant,predicted_prime_order_count,measured_constant,constant_ci95_low,constant_ci95_high,measured_over_predicted,elapsed_seconds,seed,point_counter
serre_trivial,y^2=x^3+6x-2 (LMFDB 1728.w1),6,-2,1,zywina_serre_10_over_9,128,29,0,3,3,8.072099822017,0.561301252314,4.530879738900,0.371650508065,0.000000000000,0.792204921052,0.662123069444,0.002442,51012026,hasse_bsgs_twist_with_exact_fallback
serre_trivial,y^2=x^3+6x-2 (LMFDB 1728.w1),6,-2,1,zywina_serre_10_over_9,256,52,0,5,5,12.474394401285,0.561301252314,7.001893199298,0.400821061060,0.049492366303,0.752149755816,0.714092582918,0.004077,51012026,hasse_bsgs_twist_with_exact_fallback
serre_trivial,y^2=x^3+6x-2 (LMFDB 1728.w1),6,-2,1,zywina_serre_10_over_9,512,95,0,10,10,19.733829493675,0.561301252314,11.076623207747,0.506744015560,0.192666592066,0.820821439054,0.902802218009,0.007753,51012026,hasse_bsgs_twist_with_exact_fallback
torsion_2,y^2=x^3+x-2 (LMFDB 112.b4),1,-2,2,rational_torsion_obstruction,128,28,1,0,1,7.591201475054,0.000000000000,0.000000000000,0.000000000000,0.000000000000,0.394632165066,,0.002218,51012026,hasse_bsgs_twist_with_exact_fallback
torsion_2,y^2=x^3+x-2 (LMFDB 112.b4),1,-2,2,rational_torsion_obstruction,256,51,1,0,1,11.993496054322,0.000000000000,0.000000000000,0.000000000000,0.000000000000,0.249779735615,,0.003424,51012026,hasse_bsgs_twist_with_exact_fallback
torsion_2,y^2=x^3+x-2 (LMFDB 112.b4),1,-2,2,rational_torsion_obstruction,512,94,1,0,1,19.252931146712,0.000000000000,0.000000000000,0.000000000000,0.000000000000,0.155598763156,,0.007825,51012026,hasse_bsgs_twist_with_exact_fallback
torsion_3,"y^2=x^3+3x-11, P=(3,5)",3,-11,3,rational_torsion_obstruction,128,28,0,0,6,7.513989195465,0.000000000000,0.000000000000,0.000000000000,0.000000000000,0.398687327813,,0.001258,51012026,hasse_bsgs_twist_with_exact_fallback
torsion_3,"y^2=x^3+3x-11, P=(3,5)",3,-11,3,rational_torsion_obstruction,256,51,0,0,9,11.916283774734,0.000000000000,0.000000000000,0.000000000000,0.000000000000,0.251398198481,,0.002903,51012026,hasse_bsgs_twist_with_exact_fallback
torsion_3,"y^2=x^3+3x-11, P=(3,5)",3,-11,3,rational_torsion_obstruction,512,94,0,0,14,19.175718867124,0.000000000000,0.000000000000,0.000000000000,0.000000000000,0.156225291699,,0.006251,51012026,hasse_bsgs_twist_with_exact_fallback
