case_key,curve,quotient,cutoff,eligible_prime_count,exhaustive_fallback_count,quotient_prime_count,refined_baseline,predicted_constant,predicted_count,measured_constant,constant_ci95_low,constant_ci95_high,observed_over_predicted,invalid_pool_count,invalid_pool_baseline,invalid_pool_constant,invalid_pool_predicted,invalid_pool_observed_over_predicted,elapsed_seconds,seed,point_counter
torsion_3_quotient,"y^2=x^3+3x-11, P=(3,5)",3,128,28,0,6,11.124903607842,0.497567502812,5.535390507180,0.539330515706,0.107784153995,0.970876877418,1.083934366007,,,,,,0.487952,51012026,hasse_bsgs_twist_with_exact_fallback
torsion_3_quotient,"y^2=x^3+3x-11, P=(3,5)",3,256,51,0,9,16.702018973508,0.497567502812,8.310381872569,0.538857009699,0.186810232423,0.890903786975,1.082982724261,,,,,,0.489904,51012026,hasse_bsgs_twist_with_exact_fallback
torsion_3_quotient,"y^2=x^3+3x-11, P=(3,5)",3,512,94,0,14,25.617462393683,0.497567502812,12.746416791608,0.546502217310,0.260232109527,0.832772325093,1.098347890932,,,,,,0.494852,51012026,hasse_bsgs_twist_with_exact_fallback
cm_qi_split_t8,"y^2=x^3-x over Q(i), split rational primes",8,128,14,4,6,8.446108369064,1.067361287767,9.015049105421,0.710386338633,0.141969327322,1.278803349945,0.665553779002,8,18.193099925786,0.165759276074,3.015675073239,2.652805692162,0.005374,51012026,hasse_bsgs_twist_with_exact_fallback
cm_qi_split_t8,"y^2=x^3-x over Q(i), split rational primes",8,256,24,4,8,11.630922505513,1.067361287767,12.414396423399,0.687821623453,0.211194314246,1.164448932660,0.644413125468,11,25.517308916279,0.165759276074,4.229730653317,2.600638409770,0.007428,51012026,hasse_bsgs_twist_with_exact_fallback
cm_qi_split_t8,"y^2=x^3-x over Q(i), split rational primes",8,512,45,4,14,17.150309401988,1.067361287767,18.305576328903,0.816311803586,0.388709388453,1.243914218719,0.764794276261,18,36.715178608338,0.165759276074,6.085881427043,2.957665247965,0.011118,51012026,hasse_bsgs_twist_with_exact_fallback
