cutoff,split_prime_count,quotient_prime_count,published_cm_constant,integral_predicted_count,integral_predicted_rounded,observed_over_integral_predicted,direct_prime_sum_baseline,direct_prime_sum_predicted,observed_over_direct_predicted,published_actual,published_actual_difference,published_expected_rounded,published_expected_difference,sieve_seconds,elapsed_seconds,seed,point_counter
131072,6094,765,1.067350894000,789.290856242849,789,0.969224455027,730.501392765769,779.701314636788,0.981144940555,,,,,0.003195,0.059930,51012026,cornacchia_walsh_j1728_exact_trace
1000000,39175,3932,1.067350894000,4009.480172655115,4009,0.980675756128,3740.115033991569,3992.015125193742,0.984966207965,,,,,0.003195,0.218650,51012026,cornacchia_walsh_j1728_exact_trace
5000000,174193,15361,1.067350894000,15338.568896120514,15339,1.001462398743,14355.386627189080,15322.234750245911,1.002529999728,,,,,0.003195,0.796728,51012026,cornacchia_walsh_j1728_exact_trace
10000000,332180,27609,1.067350894000,27635.335987875289,27635,0.999047017634,25864.966017165694,27606.994601701423,1.000072640949,,,,,0.003195,1.535987,51012026,cornacchia_walsh_j1728_exact_trace
20000000,635170,49847,1.067350894000,50062.773602194487,50063,0.995689939117,46877.028715786269,50034.238507858150,0.996257792395,49847,0,50063,0,0.003195,2.975122,51012026,cornacchia_walsh_j1728_exact_trace
