bits,discriminant,subgroup_order,observed_log_speedup,fitted_log_speedup,residual
9,-4,233,0.971860583029,0.971860583029,0.000000000000
10,-4,29,0.635988766720,0.635988766720,0.000000000000
9,-3,139,-1.819733321270,-1.819733321270,0.000000000000
10,-3,37,1.049822124499,1.049822124499,-0.000000000000
