bits,discriminant,p,subgroup_order,subgroup_bits,automorphism_order,trials,mean_baseline_transitions,mean_quotient_transitions,median_baseline_transitions,median_quotient_transitions,speedup_ratio_of_means,speedup_ci95_low,speedup_ci95_high,sqrt_orbit_order,mean_baseline_restarts,mean_quotient_restarts,mean_quotient_cycle_escapes
9,-4,457,233,8,4,4,22.000000,9.250000,23.500000,10.000000,2.378378378,1.095454545,4.600000000,2.000000000,1.000000,1.000000,0.000000
9,-3,457,139,8,6,4,14.750000,6.250000,9.000000,6.000000,2.360000000,1.066666667,4.576195652,2.449489743,1.000000,1.250000,0.000000
10,-4,1021,29,5,4,4,5.250000,2.500000,5.000000,2.500000,2.100000000,0.800000000,3.900000000,2.000000000,1.000000,1.000000,0.000000
10,-3,1021,37,6,6,4,7.750000,2.000000,8.000000,2.000000,3.875000000,3.000000000,6.200000000,2.449489743,1.000000,1.000000,0.000000
