bits,discriminant,subgroup_order,observed_log_speedup,fitted_log_speedup,residual
9,-4,233,0.866418901834,0.866418901834,0.000000000000
10,-4,29,0.741937344729,0.741937344729,0.000000000000
9,-3,139,0.858661619038,0.858661619038,0.000000000000
10,-3,37,1.354545662805,1.354545662805,0.000000000000
