p,ell,observed_seconds_per_trial,predicted_seconds_per_trial,residual_seconds,residual_log_seconds,sample_count,fit_exponent,fit_prefactor,fit_r_squared,exponent_standard_error,exponent_ci_low_95,exponent_ci_high_95
11,3,0.19284929998684675,0.16423355709342988,0.028615742893416868,0.1606195114821154,5,1.6796018409461666,0.0029264211582134612,0.979812259684303,0.139193237049336,1.236626838017518,2.122576843874815
23,3,0.4582948999013752,0.5668881886285572,-0.10859328872718199,-0.21264922293974797,5,1.6796018409461666,0.0029264211582134612,0.979812259684303,0.139193237049336,1.236626838017518,2.122576843874815
47,3,1.662555000046268,1.8827621918063626,-0.2202071917600945,-0.12438437377430778,5,1.6796018409461666,0.0029264211582134612,0.979812259684303,0.139193237049336,1.236626838017518,2.122576843874815
59,3,2.6344730000710115,2.758437364399163,-0.12396436432815161,-0.04598118505623261,5,1.6796018409461666,0.0029264211582134612,0.979812259684303,0.139193237049336,1.236626838017518,2.122576843874815
71,3,4.702175099984743,3.76455597212244,0.9376191278623027,0.2223952702881804,5,1.6796018409461666,0.0029264211582134612,0.979812259684303,0.139193237049336,1.236626838017518,2.122576843874815
