p,ell,observed_seconds_per_trial,predicted_seconds_per_trial,residual_seconds,residual_log_seconds,sample_count,fit_exponent,fit_prefactor,fit_r_squared,exponent_standard_error,exponent_ci_low_95,exponent_ci_high_95
11,3,0.19284929998684675,0.1789214799588186,0.013927820028028143,0.07496200466176561,3,1.4816949733766753,0.005124319203015043,0.9851879824409367,0.18167968317888436,-0.8267642774658448,3.7901542242191955
23,3,0.4582948999013752,0.5337052373404313,-0.07541033743905612,-0.15233083340251818,3,1.4816949733766753,0.005124319203015043,0.9851879824409367,0.18167968317888436,-0.8267642774658448,3.7901542242191955
47,3,1.662555000046268,1.538775156426108,0.12377984362016003,0.07736882874075324,3,1.4816949733766753,0.005124319203015043,0.9851879824409367,0.18167968317888436,-0.8267642774658448,3.7901542242191955
