group_family,group_value,n,unconstrained_log_p_norm_mean,power2_observed,power2_censored_rate,power2_log_p_norm_mean,power2_log_p_norm_median,power2_over_unconstrained_median,power2_over_unconstrained_max,power2_seconds_mean,power2_box_tuples_max,power3_observed,power3_censored_rate,power3_log_p_norm_mean,power3_log_p_norm_median,power3_over_unconstrained_median,power3_over_unconstrained_max,power3_seconds_mean,power3_box_tuples_max
overall,all,108,0.4073065305353834,106,0.01851851851851849,0.7835814431085737,0.815916280439774,200.56783468104223,15183.000904977376,0.21661522222738885,282829764,107,0.0092592592592593,0.7745613510687083,0.8145692966577497,168.23076923076923,19478.154298642534,0.15104336482127784,293345492
p_bits,12,36,0.3637772168556614,36,0.0,0.6895488756555301,0.6985218212734271,18.309067688378033,89.04347826086956,0.01002652500756085,35413,36,0.0,0.6726462638958934,0.6969617430552153,11.860714285714286,168.23076923076923,0.005978224989828757,39458
p_bits,20,36,0.41647024462095966,35,0.02777777777777779,0.8204770024042287,0.837903349244534,239.1824817518248,2175.46887966805,0.21583919721565004,12405019,36,0.0,0.7941017848659748,0.811408619649165,166.12788461538463,11809.8,0.024468138904517725,1283833
p_bits,28,36,0.4416721301295292,35,0.02777777777777779,0.8434050960503346,0.8611964230451175,2460.0023460410557,15183.000904977376,0.4239799444589557,282829764,35,0.02777777777777779,0.8592895659692722,0.8656913151248735,2578.883357296909,19478.154298642534,0.42268373056948705,293345492
