bits,discriminant,p,subgroup_order,subgroup_bits,automorphism_order,trials,mean_baseline_transitions,mean_quotient_transitions,median_baseline_transitions,median_quotient_transitions,speedup_ratio_of_means,speedup_ci95_low,speedup_ci95_high,sqrt_orbit_order,mean_baseline_restarts,mean_quotient_restarts,mean_quotient_cycle_escapes
12,-4,4057,2053,12,4,200,58.805000,27.190000,56.000000,25.000000,2.162743656,1.935871885,2.407530445,2.000000000,1.000000,1.300000,0.000000
12,-3,4057,4153,13,6,200,83.040000,33.110000,76.000000,30.000000,2.508003624,2.267370033,2.758173877,2.449489743,1.000000,1.220000,0.000000
14,-4,16381,8101,13,4,200,115.765000,57.845000,109.500000,53.000000,2.001296568,1.800432346,2.219912597,2.000000000,1.000000,1.715000,0.000000
14,-3,16381,16633,15,6,200,161.855000,65.695000,153.500000,60.000000,2.463733922,2.220506178,2.715715441,2.449489743,1.000000,1.590000,0.000000
16,-4,65437,8237,14,4,200,122.630000,56.100000,112.500000,50.500000,2.185918004,1.975629703,2.422874583,2.000000000,1.000000,1.655000,0.000000
16,-3,65437,16267,14,6,200,167.845000,63.015000,158.500000,59.500000,2.663572165,2.412958867,2.961134107,2.449489743,1.000000,1.550000,0.000000
18,-4,261673,130769,17,4,200,450.375000,243.065000,428.000000,227.000000,1.852899430,1.670918349,2.043062851,2.000000000,1.000000,4.100000,0.000000
18,-3,261673,262519,19,6,200,657.510000,271.300000,592.000000,247.500000,2.423553262,2.197183077,2.669885320,2.449489743,1.000000,3.315000,0.000000
