bits,discriminant,p,subgroup_order,subgroup_bits,automorphism_order,trials,mean_baseline_transitions,mean_quotient_transitions,median_baseline_transitions,median_quotient_transitions,speedup_ratio_of_means,speedup_ci95_low,speedup_ci95_high,sqrt_orbit_order,mean_baseline_restarts,mean_quotient_restarts,mean_quotient_cycle_escapes
12,-4,4057,2053,12,4,200,143.205000,466.745000,136.500000,72.000000,0.306816356,0.231643879,0.438168985,2.000000000,1.000000,1.140000,9.950000
12,-3,4057,4153,13,6,200,201.960000,567.755000,189.000000,81.000000,0.355716814,0.253957038,0.540042344,2.449489743,1.000000,1.120000,13.415000
14,-4,16381,8101,13,4,200,288.675000,2122.690000,264.000000,178.000000,0.135994893,0.105711417,0.185051571,2.000000000,1.000000,1.355000,31.660000
14,-3,16381,16633,15,6,200,407.775000,2514.960000,387.000000,185.000000,0.162139756,0.127556951,0.215337731,2.449489743,1.000000,1.300000,26.505000
16,-4,65437,8237,14,4,200,300.570000,2440.490000,270.000000,168.000000,0.123159693,0.098724757,0.160103977,2.000000000,1.000000,1.415000,28.145000
16,-3,65437,16267,14,6,200,421.710000,2122.625000,378.000000,186.500000,0.198673812,0.151255969,0.275361734,2.449489743,1.000000,1.250000,25.295000
18,-4,261673,130769,17,4,200,1116.525000,32469.620000,1074.000000,22381.000000,0.034386759,0.028678200,0.041032907,2.000000000,1.000000,2.455000,210.980000
18,-3,261673,262519,19,6,200,1635.255000,36877.610000,1521.000000,31156.500000,0.044342760,0.036846449,0.053818951,2.449489743,1.000000,2.170000,172.055000
