bits,discriminant,p,subgroup_order,subgroup_bits,automorphism_order,trials,mean_baseline_transitions,mean_quotient_transitions,median_baseline_transitions,median_quotient_transitions,speedup_ratio_of_means,speedup_ci95_low,speedup_ci95_high,sqrt_orbit_order,mean_baseline_restarts,mean_quotient_restarts
12,-4,4057,2053,12,4,200,143.205000,82.590000,136.500000,67.500000,1.733926625,1.539016609,1.964298783,2.000000000,1.000000,1.440000
12,-3,4057,4153,13,6,200,201.960000,98.025000,189.000000,78.000000,2.060290742,1.833207759,2.311784226,2.449489743,1.000000,1.380000
14,-4,16381,8101,13,4,200,288.675000,233.325000,264.000000,168.000000,1.237222758,1.069542770,1.441082674,2.000000000,1.000000,2.325000
14,-3,16381,16633,15,6,200,407.775000,237.870000,387.000000,180.000000,1.714276706,1.492576156,1.992329410,2.449489743,1.000000,1.875000
16,-4,65437,8237,14,4,200,300.570000,210.420000,270.000000,156.000000,1.428428857,1.256676616,1.643538555,2.000000000,1.000000,2.240000
16,-3,65437,16267,14,6,200,421.710000,220.770000,378.000000,180.000000,1.910178013,1.682619083,2.195627016,2.449489743,1.000000,1.810000
18,-4,261673,130769,17,4,200,1116.525000,1810.335000,1074.000000,1377.000000,0.616750491,0.542545396,0.705551567,2.000000000,1.000000,8.790000
18,-3,261673,262519,19,6,200,1635.255000,1784.550000,1521.000000,1177.500000,0.916340254,0.792827092,1.060220604,2.449489743,1.000000,6.760000
