{
  "-3": {
    "bootstrap_resamples": 2000,
    "group_count": 4,
    "intercept": 3.1615409314333576,
    "model": "log(speedup_ratio_of_means) = intercept + slope * log(subgroup_order)",
    "slope": -0.5029365823294967,
    "slope_ci95_high": -0.41282607469950305,
    "slope_ci95_low": -0.5979511796471771
  },
  "-4": {
    "bootstrap_resamples": 2000,
    "group_count": 4,
    "intercept": 2.672803375855181,
    "model": "log(speedup_ratio_of_means) = intercept + slope * log(subgroup_order)",
    "slope": -0.5165674038188215,
    "slope_ci95_high": -0.4405835954998677,
    "slope_ci95_low": -0.5963793172570666
  },
  "metadata": {
    "bits": [
      12,
      14,
      16,
      18
    ],
    "cycle_escape": true,
    "elapsed_seconds": 136.6298224000493,
    "max_restarts": 128,
    "partitions": 20,
    "raw_path": "data\\measure_unit_rho_escape_b12-14-16-18_t200_s52022026_20260707_raw.csv",
    "seed": 52022026,
    "trials_per_case": 200
  }
}
