bits,smoothness_exponent,order_bound,discriminant_bound,primes,explicit_successes,explicit_rate,explicit_wilson_95_low,explicit_wilson_95_high,bounded_cm_successes,bounded_cm_rate,bounded_cm_wilson_95_low,bounded_cm_wilson_95_high,median_min_discriminant,max_min_discriminant,median_class_number,max_class_number,mean_measurement_ms,total_measurement_s,full_runtime_s
32,2,1024,32768,256,56,0.21875,0.1724715978199255,0.27334432141962717,255,0.99609375,0.9782090246194175,0.9993101178330381,47,15871,2,92,4.9757789020077325,1.2737993989139795,20.288985999999568
32,3,32768,32768,256,197,0.76953125,0.7141866534521627,0.8169064239432661,256,1.0,0.9852161435741286,0.9999999999999999,4.0,1187,1.0,9,4.9757789020077325,1.2737993989139795,20.288985999999568
36,2,1296,46656,256,28,0.109375,0.07676405306596229,0.15353583476674978,256,1.0,0.9852161435741286,0.9999999999999999,223.0,34568,4.5,98,14.951066403227742,3.827472999226302,20.288985999999568
36,3,46656,46656,256,156,0.609375,0.5484139251193965,0.6671021062874443,256,1.0,0.9852161435741286,0.9999999999999999,4.0,799,1.0,16,14.951066403227742,3.827472999226302,20.288985999999568
40,2,1600,64000,256,14,0.0546875,0.03285229140400938,0.08968958072528235,248,0.96875,0.9395583934922568,0.9840817411084887,889.5,63347,9.0,269,58.9021152368332,15.078941500629298,20.288985999999568
40,3,64000,64000,256,128,0.5,0.43920555858906296,0.560794441410937,256,1.0,0.9852161435741286,0.9999999999999999,8.0,1667,1.0,31,58.9021152368332,15.078941500629298,20.288985999999568
