bits,smoothness_exponent,discriminant_bound,prime_mod_12,primes,explicit_successes,explicit_rate,explicit_wilson_95_low,explicit_wilson_95_high,bounded_cm_successes,bounded_cm_rate,bounded_cm_wilson_95_low,bounded_cm_wilson_95_high
60,3,216000,1,1058,175,0.16540642722117202,0.14423648348888476,0.18899731133174572,1058,1.0,0.9963822670618263,1.0
60,3,216000,5,1013,120,0.11846001974333663,0.0999869357613502,0.13981589358384097,1013,1.0,0.9962221654247366,1.0
60,3,216000,7,1009,119,0.11793855302279485,0.09947138309661326,0.1393038533577507,1009,1.0,0.9962072456777521,1.0
60,3,216000,11,1016,31,0.03051181102362205,0.021577432454013334,0.04298305216957776,1016,1.0,0.9962332784302218,1.0000000000000002
