bits,smoothness_exponent,order_bound,discriminant_bound,primes,explicit_successes,explicit_rate,explicit_wilson_95_low,explicit_wilson_95_high,bounded_cm_successes,bounded_cm_rate,bounded_cm_wilson_95_low,bounded_cm_wilson_95_high,median_min_discriminant,max_min_discriminant,median_class_number,max_class_number,mean_measurement_ms,total_measurement_s,full_runtime_s
32,3,32768,1024,64,47,0.734375,0.6151712627143486,0.8270362092577739,63,0.984375,0.9166589839990573,0.9972364580766624,4,103,1,5,0.8850453123159241,0.05664289998821914,2.1880258000455797
36,3,46656,1296,64,37,0.578125,0.456100315400829,0.6913021752565451,64,1.0,0.9433759402071946,1.0,7.0,799,1.0,16,1.7689687520032749,0.11321400012820959,2.1880258000455797
40,3,64000,1600,64,30,0.46875,0.35175987425176036,0.5892791294852899,64,1.0,0.9433759402071946,1.0,17.0,379,1.0,8,2.4423374998150393,0.15630959998816252,2.1880258000455797
44,3,85184,1936,64,28,0.4375,0.3229400970440308,0.5591379104300699,63,0.984375,0.9166589839990573,0.9972364580766624,8,659,1,11,2.7833671865664655,0.1781354999402538,2.1880258000455797
48,3,110592,2304,64,21,0.328125,0.22570557904469185,0.45000894150908505,64,1.0,0.9433759402071946,1.0,24.0,1195,1.0,14,5.443612497401773,0.34839119983371347,2.1880258000455797
52,3,140608,2704,64,17,0.265625,0.17296379074222612,0.38482873728565137,62,0.96875,0.8930270822904169,0.9913878616538281,39.0,2248,2.0,23,11.896610938492813,0.76138310006354,2.1880258000455797
56,3,175616,3136,64,14,0.21875,0.13502319406719474,0.3343278395662582,61,0.953125,0.8710034625990631,0.983930983213707,107,3019,3,22,22.385795309673995,1.4326908998191357,2.1880258000455797
60,3,216000,3600,64,10,0.15625,0.08714842338206585,0.2642806177254878,53,0.828125,0.7178678837734179,0.9012225769875536,123,3379,4,33,59.2611671800114,3.7927146995207295,2.1880258000455797
