bits,smoothness_exponent,discriminant_bound,prime_mod_12,primes,explicit_successes,explicit_rate,explicit_wilson_95_low,explicit_wilson_95_high,bounded_cm_successes,bounded_cm_rate,bounded_cm_wilson_95_low,bounded_cm_wilson_95_high
60,3,3600,1,1058,175,0.16540642722117202,0.14423648348888476,0.18899731133174572,1027,0.9706994328922496,0.9587108756752138,0.9792822604245774
60,3,3600,5,1013,120,0.11846001974333663,0.0999869357613502,0.13981589358384097,899,0.8874629812438302,0.8665198833166862,0.9054785370766191
60,3,3600,7,1009,119,0.11793855302279485,0.09947138309661326,0.1393038533577507,932,0.9236868186323092,0.9056502853479224,0.9385094718914017
60,3,3600,11,1016,31,0.03051181102362205,0.021577432454013334,0.04298305216957776,777,0.764763779527559,0.7377159922789265,0.7898169838977067
