bits,prime,smoothness_exponent,bound,interval_lower,interval_upper,interval_size,smooth_orders,smooth_fraction,queries_50_percent,queries_95_percent,queries_99_percent,measurement_s
12,4091,2,144,3965,4219,255,109,0.42745098039215684,2,6,9,0.0004763000179082155
16,65519,2,256,65009,66031,1023,272,0.26588465298142716,3,10,15,0.000699999975040555
20,1048571,2,400,1046525,1050619,4095,638,0.1557997557997558,5,18,28,0.0012838999973610044
24,16777199,2,576,16769009,16785391,16383,1477,0.09015442837087224,8,32,49,0.0018530000234022737
28,268435399,2,784,268402633,268468167,65535,3304,0.05041580834668498,14,58,90,0.004985000006854534
32,4294967291,2,1024,4294836221,4295098363,262143,7222,0.02754984874667643,25,108,165,0.022551000001840293
36,68719476731,2,1296,68718952445,68720001019,1048575,15420,0.014705671983406051,47,203,311,0.112906499998644
40,1099511627563,2,1600,1099509530413,1099513724715,4194303,32026,0.007635595234774407,91,391,601,0.49580309994053096
