bits,prime,smoothness_exponent,bound,interval_lower,interval_upper,interval_size,smooth_orders,smooth_fraction,queries_50_percent,queries_95_percent,queries_99_percent,measurement_s
12,4091,3,1728,3965,4219,255,207,0.8117647058823529,1,2,3,0.0032317000441253185
16,65519,3,4096,65009,66031,1023,677,0.6617790811339198,1,3,5,0.004614299978129566
20,1048571,3,8000,1046525,1050619,4095,2144,0.5235653235653236,1,5,7,0.009214800084009767
24,16777199,3,13824,16769009,16785391,16383,6700,0.4089605078434963,2,6,9,0.021178199909627438
28,268435399,3,21952,268402633,268468167,65535,20169,0.30775921263447015,2,9,13,0.021831999998539686
32,4294967291,3,32768,4294836221,4295098363,262143,58830,0.22441949622915736,3,12,19,0.04801899997983128
36,68719476731,3,46656,68718952445,68720001019,1048575,170890,0.16297355935436186,4,17,26,0.1387522000586614
40,1099511627563,3,64000,1099509530413,1099513724715,4194303,491512,0.11718562059059634,6,25,37,0.605613199993968
