half_bits,order,order_bits,d,quotient,trials,median_scalar_multiplications,median_group_operations,median_normalized_group_operations,median_elapsed_seconds,theory_shape,fitted_scalar_multiplications,log_residual
4,337,9,16,21,3,14.0,139.0,15.444444444444445,1.9600032828748226e-05,8.582575694955839,14.525165760155671,-0.03682538511650968
5,1249,11,32,39,3,19.0,274.0,24.90909090909091,1.9299914129078388e-05,11.90185224789078,19.34269353548083,-0.01787577393679296
6,4289,13,64,67,3,29.0,438.0,33.69230769230769,2.350006252527237e-05,16.185352771872452,25.331858311585613,0.13523300460604037
7,18049,15,128,141,3,32.0,564.0,37.6,2.559996210038662e-05,23.188050586022676,34.683627594256855,-0.08053184555273685
