half_bits,order,order_bits,d,quotient,trials,median_scalar_multiplications,median_group_operations,median_normalized_group_operations,median_elapsed_seconds,theory_shape,fitted_scalar_multiplications,log_residual
8,70913,17,256,277,41,47.0,890.0,52.35294117647059,3.0499999411404133e-05,32.643316977093235,48.67908601910278,-0.035101890947529135
10,1051649,21,1024,1027,41,102.0,3110.0,148.0952380952381,5.13000413775444e-05,64.04684071792414,95.53028760542342,0.06552946837751872
12,16863233,25,4096,4117,41,185.0,6306.0,252.24,8.71000811457634e-05,128.16385275215322,191.1707233218249,-0.032811043113052385
14,268582913,29,16384,16393,41,384.0,15732.0,542.4827586206897,0.00016550009604543447,256.03515142334936,381.9165937353614,0.0054403088279268985
16,4295294977,33,65536,65541,41,752.0,34955.0,1059.2424242424242,0.0003918000729754567,512.0097654387425,763.7653660600628,-0.01552430556115425
18,68731273217,37,262144,262189,41,1552.0,81418.0,2200.4864864864867,0.0007984000258147717,1024.0439434267337,1527.6121052099734,0.015838621090932037
20,1099516870657,41,1048576,1048581,41,3082.0,176926.0,4315.268292682927,0.0015134999994188547,2048.0024414033396,3055.1866569815943,0.008738047292512263
22,17592207015937,45,4194304,4194309,41,6037.0,382626.0,8502.8,0.0030312000308185816,4096.001220702761,6110.54767971804,-0.01210920596715681
