mapping,p,seed,timing_rounds,batch,ratio_label,class_a_mean_ns,class_b_mean_ns,mean_ratio_a_over_b,ratio_ci95_low,ratio_ci95_high,bootstrap_resamples
elligator2_edwards,7,5408,160,80,exceptional_over_ordinary,3758.796875,3893.221875,0.9654720423556645,0.9387311713181908,0.9954402567095479,2000
sswu_isogeny_j0,29,5408,160,80,zero_over_nonzero,10492.5,10543.847098214286,0.9951301363026231,0.9573965905139004,1.0362294147411262,2000
sswu_isogeny_j1728,59,5408,160,80,zero_over_nonzero,10064.7890625,10304.640625,0.9767239274780628,0.9491639314374127,1.004941816436023,2000
svdw_j0,11,5408,160,80,exceptional_over_ordinary,5241.0,5393.810763888889,0.9716692389521813,0.9447564963678727,0.9998581057674805,2000
svdw_j1728,11,5408,160,80,exceptional_over_ordinary,5297.36328125,5352.778645833334,0.9896473648080946,0.9639652618687086,1.0148078437692039,2000
svdw_montgomery_transport,11,5408,160,80,exceptional_over_ordinary,7477.0,7560.064236111111,0.9890127605378867,0.9668310325796435,1.0104136943266473,2000
