mapping,p,seed,timing_rounds,exceptional_observations,ordinary_observations,exceptional_mean_ns,ordinary_mean_ns,exceptional_median_ns,ordinary_median_ns,exceptional_stdev_ns,ordinary_stdev_ns,mean_ratio_exceptional_over_ordinary,ratio_ci95_low,ratio_ci95_high,bootstrap_resamples
elligator2,11,5402,10,20,90,2948.0,2578.222222222222,3240.0,2170.0,854.8536347481394,688.5264803240075,1.1434235476641958,1.0405520615500574,1.2622962123824064,100
simple_swu,11,5402,10,30,80,3127.3333333333335,3196.875,3010.0,3020.0,814.8532058760258,871.37544953403,0.9782469859889213,0.9115283454780329,1.0441141501784554,100
