mapping,p,seed,timing_rounds,exceptional_observations,ordinary_observations,exceptional_mean_ns,ordinary_mean_ns,exceptional_median_ns,ordinary_median_ns,exceptional_stdev_ns,ordinary_stdev_ns,mean_ratio_exceptional_over_ordinary,ratio_ci95_low,ratio_ci95_high,bootstrap_resamples
elligator2,11,5402,240,480,2160,2042.2541666666666,2018.8032407407406,1935.0,1912.0,331.93597048278446,313.0344377698431,1.011616251377386,0.9991131440950248,1.0244968022824643,2000
simple_swu,11,5402,240,720,1920,2454.6180555555557,2476.3947916666666,2292.5,2334.0,417.5895962348169,396.0346261251757,0.9912062744662555,0.9805940882779874,1.002102168959655,2000
