mapping,p,seed,timing_rounds,batch,ratio_label,class_a_mean_ns,class_b_mean_ns,mean_ratio_a_over_b,ratio_ci95_low,ratio_ci95_high,bootstrap_resamples
elligator2_edwards,7,5408,8,8,exceptional_over_ordinary,3960.9375,4721.25,0.8389594916600477,0.7060126622360356,1.0441710148495116,100
sswu_isogeny_j0,29,5408,8,8,zero_over_nonzero,14775.0,10127.901785714286,1.4588411610429108,0.7985014766713385,2.58070866215138,100
sswu_isogeny_j1728,59,5408,8,8,zero_over_nonzero,9675.0,10399.299568965516,0.930351119884359,0.7548642828793966,1.1245136017588346,100
svdw_j0,11,5408,8,8,exceptional_over_ordinary,5357.03125,5764.756944444444,0.9292726998945942,0.8067592159865922,1.0667123433141197,100
svdw_j1728,11,5408,8,8,exceptional_over_ordinary,5166.40625,5952.604166666667,0.8679237028611426,0.7637773680545085,0.9986641691763101,100
svdw_montgomery_transport,11,5408,8,8,exceptional_over_ordinary,8910.9375,7985.243055555556,1.115925644091749,0.955578491699067,1.326293575193822,100
